File Name,Keywords,Content
10owzQMAwOayg79reaEvNH.docx,Change of Control,"3.3Change of Control. If Executive terminates this Agreement or his employment with the Company for Good Reason or if Executives employment with the Company is terminated by the Company for any reason other than for Cause, including non-renewal of this Agreement by the Company, and such termination occurs during a Change of Control Period, the Company shall pay to Executive a change of control indemnity of: (i) the Severance Indemnity as defined in Section 3.2; and (ii) a lump-sum payment equal to one hundred percent (100%) of the higher of: (A) the greater of (x) Executives target bonus as in effect for the fiscal year in which the Change of Control occurs or (y) Executives target bonus as in effect for the fiscal year in which Executives termination of employment occurs; or (B) Executives actual bonus for performance during the calendar year prior to the calendar year during which the termination of employment occurs. For avoidance of doubt, the amount paid to Executive pursuant to this Section 3.3 will not be prorated based on the actual amount of time Executive is employed by the Company during the fiscal year (or the relevant performance period if something different than a fiscal year) during which this termination occurs; and (iii) one hundred percent (100%) of Executives outstanding and unvested Option Shares will become vested in full. Notwithstanding any other provision in any applicable equity compensation plan and/or individual stock option plan or agreement, Executives outstanding and vested stock options as of the Executives termination of employment date will remain exercisable until the eighteen (18) month anniversary of the termination of employment date; provided, however, that the post-termination exercise period for any individual stock option right will not extend beyond its original maximum term of the original date of the grant. All payments set forth in this Section 3.3 (i), (ii) and (iii) defined as (the Change of Control Indemnity).
"
10owzQMAwOayg79reaEvNH.docx,Change of Control,"3.4Change of Control Definitions. For purposes of Section 3.3 above, the following definitions shall apply: (a) Change of Control means the occurrence of any of the following events: (i) A change in the ownership of the Company which occurs on the date that any one person, or more than one person acting as a group (Person), acquires ownership of the stock of the Company that, together with the stock held by such Person, constitutes more than fifty percent (50%) of the total voting power of the stock of the Company; provided, however, that for purposes of this subsection, the acquisition of additional stock by any one Person, who is considered to own more than fifty percent (50%) of the total voting power of the stock of the Company will not be considered a Change or Control; or (ii) A change in the effective control of the Company which occurs on the date that a majority of the members of the Board is replaced during any twelve (12) month period by Directors whose appointment or election is not endorsed by a majority of the members of the Board prior to the date of the appointment or election. For purposes of this subsection (ii), if any Person is considered to be in effective control of the Company, the acquisition of additional control of the Company by the same Person will not be considered a Change of Control; or (iii) A change in the ownership of a substantial portion of the Companys assets which occurs on the date that any Person acquires (or has acquired during the twelve (12) month period ending on the date of the most recent acquisition by such person or persons) assets from the Company that have a total gross fair market value equal to or more than fifty percent (50%) of the total gross fair market value of all of the assets of the Company immediately prior to such acquisition or acquisitions.(b) Change of Control Period means the period beginning six (6) months prior to, and ending eighteen (18) months following, a Change of Control.

4.MISCELLANEOUS
"
1Y0ki1eVSBHxQNmWIfj6Or.docx,Change of Control,"a.Termination Due to a Change in Control. If (A) Employer (either Northrim BanCorp, Inc. or Northrim Bank) is subjected to a Change of Control (as defined in Section 5(f)(i)), and (B) either Employer or its assigns terminates Executives employment without Cause (either during the annual term of this Agreement or by refusing to extend this Agreement when the annual termination occurs every December 31) or Executive terminates his employment for Good Reason within 730 days of such Change of Control, then Employer shall pay Executive in a lump sum: (i) all Base Salary earned and all reimbursable expenses incurred under this Agreement through such termination date; (ii) an amount equal to two (2) times Executives highest Base Salary over the prior three (3) years; and (iii) benefits described in Sections 5(b)(I) and (II) below. The amounts described in Section 5(a)(i) herein shall be paid no later than 45 days after the day on which employment is terminated. The amount described in Section 5(a)(ii) herein shall be paid on the first day of the month following a period of six (6) months after the termination of employment, provided that the payment may be made sooner if either (i) the amount does not exceed two times the lesser of (a) the Executives annual compensation for the year prior to the year in which employment is terminated; or (b) the maximum amount that may be taken into account under a qualified plan pursuant to Internal Revenue Code Section 401(a)(17) for such year (the IRC Safe Harbor) or (ii) at the Executives election, the amount described in Section 5(a)(ii) is reduced to fit within the IRC Safe Harbor. No payment will be made pursuant to Section 5(a)(ii) until the Executive has signed an agreement, in a form acceptable to Employer, that releases and holds Employer harmless from all known and unknown claims and liabilities arising out of Executives employment with Employer or the performance of this Agreement (Release Agreement)."
1Y0ki1eVSBHxQNmWIfj6Or.docx,Change of Control,"(i)Change of Control. For purposes of this Agreement, the term Change of Control shall mean the occurrence of one or more of the following events: (A) One person or entity acquiring or otherwise becoming the owner of twenty-five percent or more of Employers outstanding common stock; (B) Replacement of a majority of the incumbent directors of Northrim BanCorp, Inc. or Northrim Bank by directors whose elections have not been supported by a majority of the Board of either company, as appropriate; (C) Dissolution or sale of fifty percent or more in value of the assets, of either Northrim BanCorp, Inc. or Northrim Bank; or (D) A change in the ownership or effective control or in the ownership of a substantial portion of the assets of Employer, within the meaning of Section 280G of the Internal Revenue Code."
1Y0ki1eVSBHxQNmWIfj6Or.docx,Change of Control,"6. Limit on Severance Payment for Change of Control.
Notwithstanding anything above in Section 5(a), if the severance payment provided for in that Section, together with any other payments which the Executive has the right to receive from the Employer, would constitute a parachute payment (as defined in Section 280G(b)(2) of the Code), the severance payment shall be reduced. The reduction shall be in an amount so that the present value of the total amount received by the Executive from the Employer or its affiliates and subsidiaries will be 2.99 times the Executives base amount (as defined in Section 280G of the Code) and so that no portion of the amounts received by the Executive shall be subject to the excise tax imposed by Section 4999 of the Code (excise tax). Insofar as permitted by the Code, Employer shall reduce those elements of the severance pay package specified by the Executive, provided, however, that Employer will not reduce the SERP credits provided for in Section 5(b)(II). The determination as to whether any reduction in the severance payment is necessary shall be made by the Employer in good faith, and the determination shall be conclusive and binding on Executive. If through error or otherwise Executive should receive payments under this Plan, together with other payments the Executive has the right to receive from the Employer, in excess of 2.99 times his base amount Executive shall immediately repay the excess to Employer upon notification that an overpayment has been made."
1Y0ki1eVSBHxQNmWIfj6Or.docx,Change of Control,"a.Executive agrees that for the term of this Agreement and for a period of two (2) years after this Agreement is terminated pursuant to Section 5(a) or (b) (with the understanding that the two (2) year period will be shortened to one (1) year upon the completion of a transaction constituting a Change of Control, as defined in Section 5(f)(i)), Executive will not directly or indirectly be employed by, own, manage, operate, support, join, or benefit in any way from any business activity that is competitive with Employers business or reasonably anticipated business of which Executive has knowledge. For purposes of the foregoing, Executive will be deemed to be connected with such business if the business is carried on by: (i) a partnership in which Executive is a general or limited partner; or (ii) a corporation of which Executive is a shareholder (other than a shareholder owning less than 5% of the total outstanding shares of the corporation), officer, director, employee or consultant, whether paid or unpaid."
1z85CgPaYlaukHWH4Mc0Db.docx,Change of Control,"b)  Termination Without Cause or for Good Reason. In addition to the payments provided for in Section 5(a), in the event that (i) the Company terminates your employment other than for death, disability or Cause pursuant to Section 4(d) or you terminate your employment for Good Reason pursuant to Section 4(e); (ii) you comply fully with all of your obligations under all agreements between the Company and you; and (iii) you execute, deliver to the Company and do not revoke a general release (in a form acceptable to the Company) releasing and waiving any and all claims that you have or may have against the Company and its directors, officers, employees, agents, successors and assigns with respect to your employment (other than any obligation of the Company set forth herein which specifically survives the termination of your employment), then the Company will provide you with twelve (12) months of severance pay based on your then current Base Salary. The foregoing severance shall be paid in equal installments over the severance period in accordance with the Companys usual payroll schedule. This Section 5(b) shall not apply during the one year period following a Change of Control (as defined below), in which case Section 5(c) shall apply."
1z85CgPaYlaukHWH4Mc0Db.docx,Change of Control,"c) Change of Control. Upon a Change of Control, fifty percent (50%) of the unvested options to purchase common stock, restricted stock units and other equity incentives then held by you shall become immediately vested and the remaining unvested amount shall continue to vest in accordance with the applicable remaining vesting schedule. Further, in the event that (i) within one year from the date a Change of Control (as defined below) of the Company occurs, the Company (for purposes of this section, such term to include its successor) terminates your employment other than for Cause pursuant to Section 4(c), death or disability or you terminate your employment with Good Reason; (ii) you comply fully with all of your obligations under all agreements between the Company and you; and (iii) you execute, deliver to the Company and do not revoke a general release (in a form acceptable to the Company) releasing and waiving any and all claims that you have or may have against the Company and its directors, officers, employees, agents, successors and assigns with respect to your employment (other than any obligation of the Company set forth herein which specifically survives the termination of your employment), then:
 the Company will pay you twelve (12) months of severance pay based on your then current Base Salary, with such severance to be paid in equal installments over the severance period in accordance with the Companys usual payroll schedule;
 the Company will pay you one times the average annual bonus paid to you over the preceding three years, provided that in no event will a year prior to the year ended December 31, 2007 be used in this calculation;
 the Company will continue your health and dental coverage until the earlier of: (i) twenty four (24) months from the date of termination of your employment; or (ii) the date you are provided with health and dental coverage by another employers health and dental plan; and
 all unvested outstanding stock options, restricted stock units and other equity incentives that were granted to you before the Change of Control occurred shall immediately without further action become vested in full.
For purposes of this Agreement, Change of Control shall mean the first to occur of any of the following: (a) any person or group (as defined in the Securities Exchange Act of 1934, as amended) becomes the beneficial owner of a majority of the combined voting power of the then outstanding voting securities with respect to the election of the Board of Directors of the Company; (b) any merger, consolidation or similar transaction involving the Company, other than a transaction in which the stockholders of the Company immediately prior to the transaction hold immediately thereafter in the same proportion as immediately prior to the transaction not less than 50% of the combined voting power of the then voting securities with respect to the election of the Board of Directors of the resulting entity; (c) any sale of all or substantially all of the assets of the Company; or (d) any other acquisition by a third party of all or substantially all of the business or assets of the Company, as determined by the Board of Directors, in its sole discretion. The payments, benefits and acceleration of vesting of stock options, restricted stock units and other equity incentives provided in this Section 5(c) shall override and replace with respect to you any Company wide policy with respect to payments, benefits and/or acceleration of vesting upon a Change of Control. After the one year period following a Change of Control, this Section 5(c) shall no longer apply, and Section 5(b) shall continue to apply.
6. Nonsolicitation Covenant. In exchange for the consideration provided by this Agreement, you shall not, for a period of one year following the termination of your employment with the Company for any reason, directly or indirectly, whether through your own efforts, or in any way assisting or employing the assistance of any other person or entity (including, without limitation, any consultant or any person employed by or associated with any entity with which you are employed or associated), recruit, solicit or induce (or in any way assist another in recruiting, soliciting or inducing) any employee or consultant of the Company to terminate his or her employment or other relationship with the Company.
7. Assignment. This Agreement and the rights and obligations of the parties hereto shall bind and inure to the benefit of any successor of the Company by reorganization, merger or consolidation and any assignee of all or substantially all of its business and properties. Neither this Agreement nor any rights or benefits hereunder may be assigned by you, except that, upon your death, your earned and unpaid economic benefits will be paid to your heirs or beneficiaries.
8. Interpretation and Severability. It is the express intent of the parties that (a) in case any one or more of the provisions contained in this Agreement shall for any reason be held to be excessively broad as to duration, geographical scope, activity or subject, such provision shall be construed by limiting and reducing it as determined by a court of competent jurisdiction, so as to be enforceable to the fullest extent compatible with applicable law; and (b) in case any one or more of the provisions contained in this Agreement cannot be so limited and reduced and for any reason is held to be invalid, illegal or unenforceable, such invalidity, illegality or unenforceability shall not affect the other provisions of this Agreement, and this Agreement shall be construed as if such invalid, illegal or unenforceable provision had never been contained herein.
9. Notices. Any notice that you or the Company are required to give the other under this Agreement shall be given by personal delivery, recognized overnight courier service, or registered or certified mail, return receipt requested, addressed in your case to you at your last address of record with the Company, or at such other place as you may from time to time designate in writing, and, in the case of the Company, to the Company at its principal office, or at such other office as the Company may from time to time designate in writing. The date of actual delivery of any notice under this Section 9 shall be deemed to be the date of receipt thereof.
10. Waiver. No consent to or waiver of any breach or default in the performance of any obligation hereunder shall be deemed or construed to be a consent to or waiver of any other breach or default in the performance of any of the same or any other obligations hereunder. No waiver hereunder shall be effective unless it is in writing and signed by the waiving party.
11. Complete Agreement; Modification. This Agreement sets forth the entire agreement of the parties with respect to the subject matter hereof, and supersedes any previous oral or written communications, negotiations, representations, understandings, or agreements between them. Any modification of this Agreement shall be effective only if set forth in a written document signed by you and a duly authorized officer of the Company.
12. Headings. The headings of the Sections hereof are inserted for convenience only and shall not be deemed to constitute a part, or affect the meaning, of this Agreement.
13. Counterparts. This Agreement may be signed in two (2) counterparts, each of which shall be deemed an original and both of which shall together constitute one agreement.
14. Choice of Law; Jurisdiction. This Agreement shall be deemed to have been made in the Commonwealth of Massachusetts, and the validity, interpretation and performance of this Agreement shall be governed by, and construed in accordance with, the laws of Massachusetts, without regard to conflict of law principles. You hereby consent and submit without limitation to the jurisdiction of courts in Massachusetts in connection with any action arising out of this Agreement, and waive any right to object to any such forum as inconvenient or to object to venue in Massachusetts. You agree that, in any action arising out of this Agreement, you will accept service of process by registered mail or the equivalent directed to your last known address or by such other means permitted by such court.
15. Advice of Counsel; No Representations. You acknowledge that you have been advised to review this Agreement with your own legal counsel, that prior to entering into this Agreement, you have had the opportunity to review this Agreement with your attorney, and that the Company has not made any representations, warranties, promises or inducements to you concerning the terms, enforceability or implications of this Agreement other than as are contained in this Agreement.
16. I.R.C.  409A. All other provisions of this Agreement notwithstanding, this Agreement shall be construed to avoid any adverse tax consequences to you under Internal Revenue Code Section 409A, and the parties agree to amend this Agreement from time to time as may be necessary to that end, in a manner that best preserves the economic benefits to you. Further, for so long as the Company has a class of stock that is publicly traded on an established securities market or otherwise, then the Company shall from time to time compile a list of Specified Employees as defined in, and in accordance with Treasury Reg.  1.409A-1(i) or any successor regulation. If you are a Specified Employee on the date of the termination of your employment with the Company, then, notwithstanding any other provision herein, no payment shall be made to you pursuant to this Agreement during the period lasting six (6) months from the date of such termination of employment unless the Company determines that there is no reasonable basis for believing that making such payment would cause you to suffer any adverse tax consequences pursuant to Section 409A. If any payment to you is delayed pursuant to the provisions of this paragraph, such delayed payment shall instead be made on the first business day following the expiration of the six (6) month period referred to herein.


IN WITNESS WHEREOF, the Company and you have executed this Agreement as of the day and year first set forth above.


"
1z85CgPaYlaukHWH4Mc0Db.docx,Change of Control," all unvested outstanding stock options, restricted stock units and other equity incentives that were granted to you before the Change of Control occurred shall immediately without further action become vested in full."
1z85CgPaYlaukHWH4Mc0Db.docx,Change of Control,"For purposes of this Agreement, Change of Control shall mean the first to occur of any of the following: (a) any person or group (as defined in the Securities Exchange Act of 1934, as amended) becomes the beneficial owner of a majority of the combined voting power of the then outstanding voting securities with respect to the election of the Board of Directors of the Company; (b) any merger, consolidation or similar transaction involving the Company, other than a transaction in which the stockholders of the Company immediately prior to the transaction hold immediately thereafter in the same proportion as immediately prior to the transaction not less than 50% of the combined voting power of the then voting securities with respect to the election of the Board of Directors of the resulting entity; (c) any sale of all or substantially all of the assets of the Company; or (d) any other acquisition by a third party of all or substantially all of the business or assets of the Company, as determined by the Board of Directors, in its sole discretion. The payments, benefits and acceleration of vesting of stock options, restricted stock units and other equity incentives provided in this Section 5(c) shall override and replace with respect to you any Company wide policy with respect to payments, benefits and/or acceleration of vesting upon a Change of Control. After the one year period following a Change of Control, this Section 5(c) shall no longer apply, and Section 5(b) shall continue to apply.
6. Nonsolicitation Covenant. In exchange for the consideration provided by this Agreement, you shall not, for a period of one year following the termination of your employment with the Company for any reason, directly or indirectly, whether through your own efforts, or in any way assisting or employing the assistance of any other person or entity (including, without limitation, any consultant or any person employed by or associated with any entity with which you are employed or associated), recruit, solicit or induce (or in any way assist another in recruiting, soliciting or inducing) any employee or consultant of the Company to terminate his or her employment or other relationship with the Company.
7. Assignment. This Agreement and the rights and obligations of the parties hereto shall bind and inure to the benefit of any successor of the Company by reorganization, merger or consolidation and any assignee of all or substantially all of its business and properties. Neither this Agreement nor any rights or benefits hereunder may be assigned by you, except that, upon your death, your earned and unpaid economic benefits will be paid to your heirs or beneficiaries.
8. Interpretation and Severability. It is the express intent of the parties that (a) in case any one or more of the provisions contained in this Agreement shall for any reason be held to be excessively broad as to duration, geographical scope, activity or subject, such provision shall be construed by limiting and reducing it as determined by a court of competent jurisdiction, so as to be enforceable to the fullest extent compatible with applicable law; and (b) in case any one or more of the provisions contained in this Agreement cannot be so limited and reduced and for any reason is held to be invalid, illegal or unenforceable, such invalidity, illegality or unenforceability shall not affect the other provisions of this Agreement, and this Agreement shall be construed as if such invalid, illegal or unenforceable provision had never been contained herein.
9. Notices. Any notice that you or the Company are required to give the other under this Agreement shall be given by personal delivery, recognized overnight courier service, or registered or certified mail, return receipt requested, addressed in your case to you at your last address of record with the Company, or at such other place as you may from time to time designate in writing, and, in the case of the Company, to the Company at its principal office, or at such other office as the Company may from time to time designate in writing. The date of actual delivery of any notice under this Section 9 shall be deemed to be the date of receipt thereof.
10. Waiver. No consent to or waiver of any breach or default in the performance of any obligation hereunder shall be deemed or construed to be a consent to or waiver of any other breach or default in the performance of any of the same or any other obligations hereunder. No waiver hereunder shall be effective unless it is in writing and signed by the waiving party.
11. Complete Agreement; Modification. This Agreement sets forth the entire agreement of the parties with respect to the subject matter hereof, and supersedes any previous oral or written communications, negotiations, representations, understandings, or agreements between them. Any modification of this Agreement shall be effective only if set forth in a written document signed by you and a duly authorized officer of the Company.
12. Headings. The headings of the Sections hereof are inserted for convenience only and shall not be deemed to constitute a part, or affect the meaning, of this Agreement.
13. Counterparts. This Agreement may be signed in two (2) counterparts, each of which shall be deemed an original and both of which shall together constitute one agreement.
14. Choice of Law; Jurisdiction. This Agreement shall be deemed to have been made in the Commonwealth of Massachusetts, and the validity, interpretation and performance of this Agreement shall be governed by, and construed in accordance with, the laws of Massachusetts, without regard to conflict of law principles. You hereby consent and submit without limitation to the jurisdiction of courts in Massachusetts in connection with any action arising out of this Agreement, and waive any right to object to any such forum as inconvenient or to object to venue in Massachusetts. You agree that, in any action arising out of this Agreement, you will accept service of process by registered mail or the equivalent directed to your last known address or by such other means permitted by such court.
15. Advice of Counsel; No Representations. You acknowledge that you have been advised to review this Agreement with your own legal counsel, that prior to entering into this Agreement, you have had the opportunity to review this Agreement with your attorney, and that the Company has not made any representations, warranties, promises or inducements to you concerning the terms, enforceability or implications of this Agreement other than as are contained in this Agreement.
16. I.R.C.  409A. All other provisions of this Agreement notwithstanding, this Agreement shall be construed to avoid any adverse tax consequences to you under Internal Revenue Code Section 409A, and the parties agree to amend this Agreement from time to time as may be necessary to that end, in a manner that best preserves the economic benefits to you. Further, for so long as the Company has a class of stock that is publicly traded on an established securities market or otherwise, then the Company shall from time to time compile a list of Specified Employees as defined in, and in accordance with Treasury Reg.  1.409A-1(i) or any successor regulation. If you are a Specified Employee on the date of the termination of your employment with the Company, then, notwithstanding any other provision herein, no payment shall be made to you pursuant to this Agreement during the period lasting six (6) months from the date of such termination of employment unless the Company determines that there is no reasonable basis for believing that making such payment would cause you to suffer any adverse tax consequences pursuant to Section 409A. If any payment to you is delayed pursuant to the provisions of this paragraph, such delayed payment shall instead be made on the first business day following the expiration of the six (6) month period referred to herein."
54iMzNb4LjeC6i98Uewx6h.docx,Change of Control,"Change of Control means (a) a merger or consolidation involving the Issuer or a sale, exchange, conveyance or other disposition of voting securities of the Issuer to a person or group (within the meaning of Section 13(d)(3) of the Exchange Act), in a single transaction or series of related transactions, if, as a result of such merger, consolidation, sale, exchange conveyance or other disposition, the stockholders of Issuer immediately prior to such merger, consolidation, exchange, conveyance or other disposition (determined at the time of the first of such series of transactions) beneficially own (within the meaning of Section 13(d)(3) of the Exchange Act) less than a majority of the voting power of the Issuer (or, if applicable, successor to the Issuer or acquiring entity (or parent thereof)) immediately after such merger, consolidation, sale, exchange, conveyance or other disposition or series of such transactions; (b) any person or group (within the meaning of Sections 13(d)(3) of the Exchange Act), other than the Permitted Holders is or becomes the beneficial owner, directly or indirectly, a majority of the total voting power of all of the issued and outstanding Equity Interests of the Issuer entitled to vote for the election of directors of the Issuer; (c) a single transaction or series of related transactions pursuant to which any person or group (within the meaning of Section 13(d)(3) of the Exchange Act) acquires all or substantially all of the Issuers assets determined on a consolidated basis, including through the purchase of equity securities of one or more Subsidiaries of the Issuer (it being understood that a sale (or multiple related sales) of one or more Subsidiaries of the Issuer (whether by way or merger, consolidation, reorganization or sale of all or substantially all of the Subsidiaries assets or securities) which constitutes all or substantially all of the consolidated assets of the Issuer shall be deemed a sale of substantially all of the assets of the Issuer for purposes of this definition); and (d) any person or group (within the meaning of Section 13(d)(3) of the Exchange Act), other than any of the Permitted Holders, shall succeed in having a majority of its or their nominees elected to the Board of Directors of the Issuer, provided that, notwithstanding the foregoing, a Change of Control shall not be deemed to have occurred as a result of the Reverse Merger (as defined in the Senior Term Loan Agreement) and the transactions contemplated by and related thereto."
54iMzNb4LjeC6i98Uewx6h.docx,Change of Control,"Disqualified Equity Interests means, with respect to any Person, any Equity Interest of such Person which, by its terms, or by the terms of any security or other Equity Interests into which it is convertible or for which it is exchangeable, or upon the happening of any event or condition (a) matures or is mandatorily redeemable (other than solely for Qualified Equity Interests), pursuant to a sinking fund obligation or otherwise (except as a result of a change of control, Initial Public Offering or asset sale so long as any rights of the holders thereof upon the occurrence of a Change of Control, Initial Public Offering or asset sale event shall be subject to the occurrence of the Maturity Date), (b) is redeemable at the option of the holder thereof (other than solely for Qualified Equity Interests), in whole or in part, or (c) is or becomes convertible into or exchangeable for Indebtedness or any other Equity Interests that would constitute Disqualified Equity Interests, in each case, prior to the date that is ninety one (91) days after the Maturity Date."
54iMzNb4LjeC6i98Uewx6h.docx,Change of Control,(i) Change of Control. The Issuer shall redeem concurrently with any Change of Control all of the Notes for an amount in cash equal to the Redemption Price.
54iMzNb4LjeC6i98Uewx6h.docx,Change of Control,"(j) Any Change of Control shall occur;
then, the Required Noteholders may, at their option, by notice to the Issuer, declare all the Notes to be forthwith due and payable, whereupon the principal of the Notes, together with accrued interest thereon, shall become forthwith due and payable, without presentment, demand, protest or further notice of any kind, all of which are expressly waived by the Issuer; provided, however, that in any event described in Section 11.01(e) or (f), all the Notes, together with interest accrued thereon, shall automatically become due and payable, without presentment, demand, protest or any other notice of any kind, all of which are hereby expressly waived by the Issuer.
Section 11.02 Acceleration. The Required Noteholders may rescind an acceleration and its consequences if the rescission would not conflict with any judgment or decree and if all existing Events of Default have been cured or waived except nonpayment of principal or interest that has become due solely because of acceleration. No such rescission shall affect any subsequent Default or impair any right consequent thereto. A delay or omission by the Required Noteholders or any Holder in exercising any right or remedy accruing upon an Event of Default shall not impair the right or remedy or constitute a waiver of or acquiescence in the Event of Default. No remedy is exclusive of any other remedy. All available remedies are, to the extent permitted by law, cumulative.
Section 11.03 Waiver of Past Defaults. Waiver of Past Defaults. The Required Noteholders may waive any past or existing Default and its consequences. When a Default is waived, it is deemed cured, and any Event of Default arising therefrom shall be deemed to have been cured, but no such waiver shall extend to any subsequent or other Default or impair any consequent right. No failure to exercise and no delay in exercising, on the part of the Required Noteholders or any Holder, any right, remedy, power or privilege hereunder shall operate as a waiver thereof, nor shall any single or partial exercise of any right, remedy, power or privilege hereunder preclude any other or further exercise thereof or the exercise of any other right, remedy, power or privilege. The rights, remedies, powers and privileges herein provided are cumulative and not exclusive of any rights, remedies, powers and privileges provided by law.
Section 11.04 Waiver of Stay or Extension Laws. The Issuer (to the extent it may lawfully do so) shall not at any time insist upon, or plead, or in any manner whatsoever claim or take the benefit or advantage of, any stay or extension law wherever enacted, now or at any time hereafter in force, which may affect the covenants or the performance of this Note, and the Issuer (to the extent that it may lawfully do so) hereby expressly waives all benefit or advantage of any such law, and shall not hinder, delay or impede the execution of any power herein granted to the Holder, but shall suffer and permit the execution of every such power as though no such law had been enacted.
ARTICLE 12
SUBORDINATION
Section 12.01 Agreement to Subordinate. If requested by a holder of Senior Debt, the Holder agrees to subordinate the Indebtedness and other obligations evidenced by this Note pursuant to the terms and conditions of a subordination agreement reasonably satisfactory to the Holder.
ARTICLE 13
SAVINGS CLAUSE
In case any provision of this Note is held by a court of competent jurisdiction to be excessive in scope or otherwise invalid or unenforceable, such provision shall be adjusted rather than voided, if possible, so that it is enforceable to the maximum extent possible, and the validity and enforceability of the remaining provisions of this Note will not in any way be affected or impaired thereby.
ARTICLE 14
ENTIRE AGREEMENT; AMENDMENTS"
7hAp6m5JRwE6E6UZKnKHAK.docx,Change of Control,"(iii)If the Executives employment is terminated (A) in connection with a Change of Control, as defined below, (B) by the Company without Cause or (C) upon death or Disability, as defined below, all unvested Awards shall immediately vest and become exercisable effective the date of termination of employment, and, to the extent unexercised, shall expire one year after any such event.

(g)Payment. The full consideration for any shares purchased by the Executive upon exercise of the Option shall be paid in cash.

10.Other Benefits.

(a)During the term of this Agreement, the Executive shall be eligible to participate in incentive, savings, retirement (401(k)), and welfare benefit plans, including, without limitation, health, medical, dental, vision, life (including accidental death and dismemberment) and disability insurance plans (collectively, Benefit Plans), in substantially the same manner, including but not limited to responsibility for the cost thereof, and at substantially the same levels, as the Company makes such opportunities available to all of the Companys managerial or salaried executive employees.

(b)The Executives spouse and dependent minor children will be covered under the Benefit Plans providing health, medical, dental, and vision benefits, in substantially the same manner, including but not limited to responsibility for the cost thereof, and at substantially the same levels, as the Company makes such opportunities available to the spouses and dependent minor children to all of the Companys managerial or salaried executive employees.

(c)The Company shall purchase and maintain traditional directors and officers liability insurance coverage in the amount of at least $5,000,000 covering the Companys officers and directors, including the Executive no later than 30 days following the Effective Date, provided such coverage is available on commercially reasonable terms.


(d) Until such time as Executive becomes covered by Company medical coverage, the Company shall reimburse Executive for Executives medical coverage currently in place.

(e)The Company shall provide the Executive with a Company vehicle, which the Executive will utilize in accordance with the Companys vehicle policy.

11.Termination of Employment.

(a)Death. In the event that during the term of this Agreement the Executive dies, this Agreement and the Executives employment with the Company shall automatically terminate and the Company shall have no further obligations or liability to the Executive or his heirs, administrators or executors with respect to compensation and benefits accruing thereafter, except for the obligation to pay the Executors heirs, administrators or executors any earned but unpaid base salary, unpaid pro rata annual bonus and unused vacation days accrued through the date of death; provided, that nothing contained in this paragraph shall be deemed to excuse any breach by the Company of any provision of this Agreement. The Company shall deduct, from all payments made hereunder, all applicable taxes, including income tax, FICA and FUTA, and other appropriate deductions.

(b)Disability. In the event that, during the term of this Agreement the Executive shall be prevented from performing his duties and responsibilities hereunder to the full extent required by the Company by reason of Disability (as defined below) this Agreement and the Executives employment with the Company shall automatically terminate and the Company shall have no further obligations or liability to the Executive or his heirs, administrators or executors with respect to compensation and benefits accruing thereafter, except for the obligation to pay the Executive or his heirs, administrators or executors any earned but unpaid base salary, unpaid pro rata annual bonus and unused vacation days accrued through the Executives last date of Employment with the Company; provided, that nothing contained in this paragraph shall be deemed to excuse any breach by the Company of any provision of this Agreement including any failure to maintain the long-term disability insurance coverage required pursuant to Section 10(b)(iv). The Company shall deduct, from all payments made hereunder, all applicable taxes, including income tax, FICA and FUTA, and other appropriate deductions through the last date of the Executives employment with the Company. For purposes of this Agreement, Disability shall mean a physical or mental disability that prevents the performance by the Executive, with or without reasonable accommodation, of his duties and responsibilities hereunder for a period of not less than an aggregate of three months during any twelve consecutive months.

(c)Cause.
"
7hAp6m5JRwE6E6UZKnKHAK.docx,Change of Control,"(d)Change of Control. For purposes of this Agreement, Change of Control means the occurrence of, or the Companys Board votes to approve: (A) any consolidation or merger of the Company pursuant to which the stockholders of the Company immediately before the transaction do not retain immediately after the transaction, in substantially the same proportions as their ownership of shares of the Companys voting stock immediately before the transaction, direct or indirect beneficial ownership of more than 50% of the total combined voting power of the outstanding voting securities of the surviving business entity; (B) any sale, lease, exchange or other transfer (in one transaction or a series of related transactions) of all, or substantially all, of the assets of the Company other than any sale, lease, exchange or other transfer to any company where the Company owns, directly or indirectly, 100% of the outstanding voting securities of such company after any such transfer; (C) the direct or indirect sale or exchange in a single or series of related transactions by the stockholders of the Company of more than 50% of the voting stock of the Company.
"
7hAp6m5JRwE6E6UZKnKHAK.docx,Change of Control,"(i)At any time during the term of this Agreement, subject to the conditions set forth in Section 11(e)(ii) below, the Executive may terminate this Agreement and the Executives employment with the Company for Good Reason. For purposes of this Agreement, Good Reason shall mean the occurrence of any of the following events: (A) the assignment, without the Executives consent, to the Executive of duties that are significantly different from, and that result in a substantial diminution of, the duties that he assumed on the Effective Date; (B) the assignment, without the Executives consent, to the Executive of a title that is different from and subordinate to the title specified in Section 2 above; (C) any termination of the Executives employment by the Company, other than a termination for Cause, within 12 months after a Change of Control; (D) the assignment, without the Executives consent, to the Executive of duties that are significantly different from, and that result in a substantial diminution of, the duties that he assumed on the Effective Date within 12 months after a Change of Control; (E) material breach by the Company of this Agreement."
Law Insider Contract z8Pmm0xF8ppq74uAwl83W.docx,Change of Control,"(c) Equity Grant. On the Effective Date and on each anniversary thereafter, the Executive shall receive a grant of restricted stock under the Companys 2014 Stock Incentive Plan (or any successor or other equity plan then maintained by the Company) comprised of a number of shares of common stock of the Company with a fair market value determined based on the price of the Companys common stock immediately preceding normal trading hours on the date of grant according to Nasdaq) equal to 30% of the Executives Base Salary (the Equity Grant). Each Equity Grant shall be contingent upon Executives execution of one or more restricted stock agreements in such form and substance as may reasonably be determined by the Company. Each Equity Grant shall vest as to twenty-five percent (25%) of the award on each of the first, second, third and fourth anniversary of the date of grant, provided the Executive remains continuously employed by the Company from the date of grant through each applicable vesting date. Each Equity Grant shall be subject to accelerated vesting upon a Change of Control of the Company and such other accelerated vesting as provided in this Agreement or the Plan (and any award agreement evidencing such grant, to the extent such award agreement contains more preferential terms). In the event of the Executives termination of employment, the Executive shall retain his right to any vested shares (after taking into account any accelerated vesting) and any portion of the Equity Grant that is not yet vested (after taking into account such accelerated vesting) shall automatically be immediately forfeited to the Company, without the payment of any consideration to the Executive. In addition, the Executive shall be entitled to receive additional equity or equity-based awards, including stock options, as determined by the Board (or the Compensation Committee of the Board) in its sole discretion."
Law Insider Contract z8Pmm0xF8ppq74uAwl83W.docx,Change of Control,"(e) Change of Control. Change of Control means the first to occur of any of the following: (i) The sale, transfer, conveyance or other disposition by the Company, in one or a series of related transactions, whereby an independent third party(s) becomes the beneficial owner of a majority of the voting securities of the Company; (ii) any merger, consolidation or similar transaction involving the Company, other than a transaction in which the stockholders of the Company immediately prior to the transaction hold immediately thereafter in the same proportion as immediately prior to the transaction not less than 50% of the combined voting power of the then voting securities with respect to the election of the Board of Directors of the resulting entity; or (iii) any sale of all or substantially all of the assets of the Company. Notwithstanding the foregoing, no change in ACCBT Corp., ACC International Holdings Ltd. or their affiliates ownership of the Company shall be deemed a Change of Control under this Agreement, and none of the following shall, either together or alone, constitute a Change of Control: (A) the subscription for, or issuance of Company securities (whether or not constituting more than 50% of the Companys issued and outstanding securities (unless such subscription or issuance would result in a Change of Control under clause (i) above)); (B) the issuance or exercise of Board appointment or nomination rights of any kind (whether or not relating to a majority of Board members); (C) preemptive rights to purchase securities of the Company, or the exercise of such rights; (D) the right to consent to Company corporate actions; or (E) the exercise of warrants or options.
"
Law Insider Contract z8Pmm0xF8ppq74uAwl83W.docx,Change of Control,"(c) Equity Grant. On the Effective Date and on each anniversary thereafter, the Executive shall receive a grant of restricted stock under the Companys 2014 Stock Incentive Plan (or any successor or other equity plan then maintained by the Company) comprised of a number of shares of common stock of the Company with a fair market value determined based on the closing price of the Companys common stock at the end of normal trading hours on the business day immediately preceding the Effective Date according to Nasdaq equal to 30% of the Executives Base Salary (the Equity Grant). Each Equity Grant shall be contingent upon Executives execution of one or more restricted stock agreements in such form and substance as may reasonably be determined by the Company. Each Equity Grant shall vest as to twenty-five percent (25%) of the award on each of the first, second, third and fourth anniversary of the date of grant, provided the Executive remains continuously employed by the Company from the date of grant through each applicable vesting date. Each Equity Grant shall be subject to accelerated vesting upon a Change of Control of the Company and such other accelerated vesting as provided in this Agreement or the Plan (and any award agreement evidencing such grant, to the extent such award agreement contains more preferential terms). In the event of the Executives termination of employment, the Executive shall retain his right to any vested shares (after taking into account any accelerated vesting) and any portion of the Equity Grant that is not yet vested (after taking into account such accelerated vesting) shall automatically be immediately forfeited to the Company, without the payment of any consideration to the Executive. In addition, the Executive shall be entitled to receive additional equity or equity-based awards, including stock options, as determined by the Board (or the Compensation Committee of the Board) in its sole discretion."
